id,first_name,last_name,email
1,Alie,Amort,aamort0@github.io
2,Verile,Fayers,vfayers1@indiatimes.com
3,Allard,Larner,alarner2@hubpages.com
4,Thedric,Pummery,tpummery3@sbwire.com
5,Gerardo,Godwin,ggodwin4@bandcamp.com
6,Costanza,Isaac,cisaac5@seesaa.net
7,Clo,Lehemann,clehemann6@cpanel.net
8,Ray,Bissill,rbissill7@prlog.org
9,Catrina,Hubach,chubach8@fema.gov
10,Constantin,Heenan,cheenan9@miitbeian.gov.cn
